Longitude,Latitude,DL_Min,DL_Max,DL_Mean,DL_Median,UL_Min,UL_Max,UL_Mean,UL_Median,Z_DL,Z_UL,NZ_DL,NZ_UL,DL_OR,UL_OR,DL_Total_Count,UL_Total_Count,T1_First_Entry,T2_Last_Entry,T3_DL_Median,T4_UL_Median,T5_DL_Mean,T6_UL_Mean,date
150.70596,-34.05561,0.0,0.0,0.0,0.0,2.0,2.0,2.0,2.0,3.0,2.0,0.0,1.0,0.0,0.0,3.0,3.0,1643096922188.0,1643096924408.0,1643096922188.0,1643096924408.0,1643096922188.0,1643096924408.0,2022-01-25
150.70597,-34.05561,2.0,2.0,2.0,2.0,0.0,0.0,0.0,0.0,0.0,1.0,1.0,0.0,0.0,0.0,1.0,1.0,1643096926298.0,1643096926298.0,1643096926298.0,1643096926298.0,1643096926298.0,1643096926298.0,2022-01-25
150.70598,-34.05562,0.0,0.0,0.0,0.0,0.0,0.0,0.0,0.0,3.0,3.0,0.0,0.0,0.0,0.0,3.0,3.0,1643096540079.0,1643096543019.0,1643096540079.0,1643096540079.0,1643096540079.0,1643096540079.0,2022-01-25
150.70598,-34.0556175,0.0,0.0,0.0,0.0,0.0,0.0,0.0,0.0,1.0,1.0,0.0,0.0,0.0,0.0,1.0,1.0,1643096927258.0,1643096927258.0,1643096927258.0,1643096927258.0,1643096927258.0,1643096927258.0,2022-01-25
150.70598,-34.05561,0.0,0.0,0.0,0.0,0.0,0.0,0.0,0.0,5.0,5.0,0.0,0.0,0.0,0.0,5.0,5.0,1643096533355.0,1643096539168.0,1643096533355.0,1643096533355.0,1643096533355.0,1643096533355.0,2022-01-25
150.70599,-34.0556275,0.0,0.0,0.0,0.0,0.0,0.0,0.0,0.0,1.0,1.0,0.0,0.0,0.0,0.0,1.0,1.0,1643096532116.0,1643096532116.0,1643096532116.0,1643096532116.0,1643096532116.0,1643096532116.0,2022-01-25
150.70599,-34.0556225,0.0,0.0,0.0,0.0,0.0,0.0,0.0,0.0,1.0,1.0,0.0,0.0,0.0,0.0,1.0,1.0,1643096929186.0,1643096929186.0,1643096929186.0,1643096929186.0,1643096929186.0,1643096929186.0,2022-01-25
150.70599,-34.05562,0.0,0.0,0.0,0.0,0.0,0.0,0.0,0.0,12.0,12.0,0.0,0.0,0.0,0.0,12.0,12.0,1643096545196.0,1643096919268.0,1643096545196.0,1643096545196.0,1643096545196.0,1643096545196.0,2022-01-25
150.70599,-34.055615,0.0,0.0,0.0,0.0,0.0,0.0,0.0,0.0,1.0,1.0,0.0,0.0,0.0,0.0,1.0,1.0,1643096920288.0,1643096920288.0,1643096920288.0,1643096920288.0,1643096920288.0,1643096920288.0,2022-01-25
150.706,-34.05563,0.0,0.0,0.0,0.0,0.0,0.0,0.0,0.0,1.0,1.0,0.0,0.0,0.0,0.0,1.0,1.0,1643096930146.0,1643096930146.0,1643096930146.0,1643096930146.0,1643096930146.0,1643096930146.0,2022-01-25
150.706,-34.05562,0.0,0.0,0.0,0.0,0.0,0.0,0.0,0.0,2.0,2.0,0.0,0.0,0.0,0.0,2.0,2.0,1643096549029.0,1643096678955.0,1643096549029.0,1643096549029.0,1643096549029.0,1643096549029.0,2022-01-25
150.70601,-34.05564,0.0,0.0,0.0,0.0,0.0,0.0,0.0,0.0,2.0,2.0,0.0,0.0,0.0,0.0,2.0,2.0,1643096531110.0,1643096931264.0,1643096531110.0,1643096531110.0,1643096531110.0,1643096531110.0,2022-01-25
150.70601,-34.05562,2.0,36964.0,9382.380952380952,64.0,2.0,3053.0,1042.377049180328,267.0,191.0,193.0,63.0,61.0,0.0,0.0,254.0,254.0,1643096550036.0,1643096917033.0,1643096804413.0,1643096781399.0,1643096804413.0,1643096781399.0,2022-01-25
150.70602,-34.055645,0.0,0.0,0.0,0.0,0.0,0.0,0.0,0.0,1.0,1.0,0.0,0.0,0.0,0.0,1.0,1.0,1643096933256.0,1643096933256.0,1643096933256.0,1643096933256.0,1643096933256.0,1643096933256.0,2022-01-25
150.70603,-34.055655,0.0,0.0,0.0,0.0,0.0,0.0,0.0,0.0,1.0,1.0,0.0,0.0,0.0,0.0,1.0,1.0,1643096529358.0,1643096529358.0,1643096529358.0,1643096529358.0,1643096529358.0,1643096529358.0,2022-01-25
150.70603,-34.05565,0.0,0.0,0.0,0.0,0.0,0.0,0.0,0.0,1.0,1.0,0.0,0.0,0.0,0.0,1.0,1.0,1643096934306.0,1643096934306.0,1643096934306.0,1643096934306.0,1643096934306.0,1643096934306.0,2022-01-25
150.70604,-34.05566,0.0,0.0,0.0,0.0,0.0,0.0,0.0,0.0,1.0,1.0,0.0,0.0,0.0,0.0,1.0,1.0,1643096936366.0,1643096936366.0,1643096936366.0,1643096936366.0,1643096936366.0,1643096936366.0,2022-01-25
150.70605,-34.055665,0.0,0.0,0.0,0.0,0.0,0.0,0.0,0.0,1.0,1.0,0.0,0.0,0.0,0.0,1.0,1.0,1643096528009.0,1643096528009.0,1643096528009.0,1643096528009.0,1643096528009.0,1643096528009.0,2022-01-25
150.70605,-34.05566,0.0,0.0,0.0,0.0,0.0,0.0,0.0,0.0,1.0,1.0,0.0,0.0,0.0,0.0,1.0,1.0,1643096937223.0,1643096937223.0,1643096937223.0,1643096937223.0,1643096937223.0,1643096937223.0,2022-01-25
150.70607,-34.0557,2.0,2.0,2.0,2.0,2.0,2.0,2.0,2.0,76.0,77.0,8.0,7.0,0.0,0.0,84.0,84.0,1643093516155.0,1643093632313.0,1643093516155.0,1643093519288.0,1643093516155.0,1643093519288.0,2022-01-25
150.70607,-34.05569,2.0,62469.0,19045.129032258064,46.0,2.0,2850.0,1016.2758620689655,261.0,51.0,53.0,31.0,29.0,0.0,0.0,82.0,82.0,1643093634168.0,1643093747443.0,1643093665413.0,1643093648481.0,1643093665413.0,1643093648481.0,2022-01-25
150.70607,-34.05568,0.0,0.0,0.0,0.0,0.0,0.0,0.0,0.0,1.0,1.0,0.0,0.0,0.0,0.0,1.0,1.0,1643096526113.0,1643096526113.0,1643096526113.0,1643096526113.0,1643096526113.0,1643096526113.0,2022-01-25
150.70607,-34.05567,2.0,265.0,152.9,227.5,2.0,14499.0,7360.555555555556,11593.0,72.0,73.0,10.0,9.0,0.0,0.0,82.0,82.0,1643100482451.0,1643100595088.0,1643100482451.0,1643100482451.0,1643100482451.0,1643100482451.0,2022-01-25
150.70607,-34.0556675,0.0,0.0,0.0,0.0,0.0,0.0,0.0,0.0,1.0,1.0,0.0,0.0,0.0,0.0,1.0,1.0,1643096938161.0,1643096938161.0,1643096938161.0,1643096938161.0,1643096938161.0,1643096938161.0,2022-01-25
150.70607,-34.05566,2.0,49584.0,13123.46875,302.0,2.0,18579.0,8133.6875,10952.0,64.0,64.0,32.0,32.0,0.0,0.0,96.0,96.0,1643100475351.0,1643100723129.0,1643100665474.0,1643100475351.0,1643100665474.0,1643100475351.0,2022-01-25
150.70608,-34.05566,148.0,148.0,148.0,148.0,10830.0,10830.0,10830.0,10830.0,0.0,0.0,1.0,1.0,0.0,0.0,1.0,1.0,1643100473375.0,1643100473375.0,1643100473375.0,1643100473375.0,1643100473375.0,1643100473375.0,2022-01-25
150.70609,-34.0557,136.0,54600.0,16956.782608695652,357.0,2.0,18577.0,6695.923076923077,353.5,83.0,81.0,24.0,26.0,1.0,0.0,107.0,107.0,1643093515310.0,1643099436051.0,1643099369466.0,1643099350383.0,1643099369466.0,1643099350383.0,2022-01-25
150.70609,-34.05569,2.0,66991.0,16901.02452830189,216.0,2.0,16872.0,2881.942084942085,282.0,1888.0,1900.0,530.0,518.0,0.0,0.0,2418.0,2418.0,1643093749046.0,1643100069020.0,1643098459390.0,1643093834443.0,1643098459390.0,1643093834443.0,2022-01-25
150.70609,-34.0556875,0.0,0.0,0.0,0.0,0.0,0.0,0.0,0.0,2.0,2.0,0.0,0.0,0.0,0.0,2.0,2.0,1643096525350.0,1643097643163.0,1643096525350.0,1643096525350.0,1643096525350.0,1643096525350.0,2022-01-25
150.70609,-34.055685,0.0,0.0,0.0,0.0,0.0,0.0,0.0,0.0,2.0,2.0,0.0,0.0,0.0,0.0,2.0,2.0,1643093924325.0,1643095582955.0,1643093924325.0,1643093924325.0,1643093924325.0,1643093924325.0,2022-01-25
150.70609,-34.0556825,0.0,0.0,0.0,0.0,0.0,0.0,0.0,0.0,1.0,1.0,0.0,0.0,0.0,0.0,1.0,1.0,1643095112090.0,1643095112090.0,1643095112090.0,1643095112090.0,1643095112090.0,1643095112090.0,2022-01-25
150.70609,-34.05568,2.0,64817.0,20784.555555555555,72.5,2.0,4162.0,1134.1971830985915,268.0,429.0,431.0,144.0,142.0,0.0,0.0,573.0,573.0,1643093925285.0,1643100173008.0,1643094047445.0,1643095120406.0,1643094047445.0,1643095120406.0,2022-01-25
150.70609,-34.05567,23322.0,36073.0,30288.571428571428,29221.0,168.0,472.0,252.14285714285714,231.0,69.0,69.0,7.0,7.0,0.0,0.0,76.0,76.0,1643096940068.0,1643100278364.0,1643100278364.0,1643100274425.0,1643100278364.0,1643100274425.0,2022-01-25
150.70609,-34.05566,64.0,44131.0,13781.787878787878,8469.0,2.0,31848.0,10526.242424242424,263.0,105.0,105.0,33.0,33.0,0.0,0.0,138.0,138.0,1643100280388.0,1643100472374.0,1643100281398.0,1643100458449.0,1643100281398.0,1643100458449.0,2022-01-25
150.7061,-34.0557,2.0,44930.0,14844.09677419355,24.0,2.0,1366.0,571.1428571428571,265.5,132.0,135.0,31.0,28.0,0.0,0.0,163.0,163.0,1643099437015.0,1643099664209.0,1643099552366.0,1643099540470.0,1643099552366.0,1643099540470.0,2022-01-25
150.7061,-34.0556975,0.0,0.0,0.0,0.0,0.0,0.0,0.0,0.0,1.0,1.0,0.0,0.0,0.0,0.0,1.0,1.0,1643099666185.0,1643099666185.0,1643099666185.0,1643099666185.0,1643099666185.0,1643099666185.0,2022-01-25
150.7061,-34.05569,2.0,58849.0,18130.275229357798,219.0,2.0,14820.0,2213.422018348624,279.0,470.0,470.0,109.0,109.0,0.0,0.0,579.0,579.0,1643095905314.0,1643099858128.0,1643099750394.0,1643096407413.0,1643099750394.0,1643096407413.0,2022-01-25
150.7061,-34.05568,2.0,53326.0,16998.263157894737,239.0,2.0,15277.0,3326.6666666666665,380.0,186.0,189.0,57.0,54.0,0.0,0.0,243.0,243.0,1643096943264.0,1643097561183.0,1643096986438.0,1643096959395.0,1643096986438.0,1643096959395.0,2022-01-25
150.7061,-34.0556775,0.0,0.0,0.0,0.0,0.0,0.0,0.0,0.0,1.0,1.0,0.0,0.0,0.0,0.0,1.0,1.0,1643097370199.0,1643097370199.0,1643097370199.0,1643097370199.0,1643097370199.0,1643097370199.0,2022-01-25
150.7061,-34.05567,2.0,43623.0,13908.203703703704,365.0,2.0,18580.0,6045.381818181818,359.0,145.0,144.0,54.0,55.0,0.0,0.0,199.0,199.0,1643096941099.0,1643097369246.0,1643097160430.0,1643097158305.0,1643097160430.0,1643097158305.0,2022-01-25
150.70611,-34.0557025,0.0,0.0,0.0,0.0,0.0,0.0,0.0,0.0,1.0,1.0,0.0,0.0,0.0,0.0,1.0,1.0,1643093513213.0,1643093513213.0,1643093513213.0,1643093513213.0,1643093513213.0,1643093513213.0,2022-01-25
150.70613,-34.05571,0.0,0.0,0.0,0.0,0.0,0.0,0.0,0.0,1.0,1.0,0.0,0.0,0.0,0.0,1.0,1.0,1643093512321.0,1643093512321.0,1643093512321.0,1643093512321.0,1643093512321.0,1643093512321.0,2022-01-25
150.70615,-34.0557325,0.0,0.0,0.0,0.0,0.0,0.0,0.0,0.0,1.0,1.0,0.0,0.0,0.0,0.0,1.0,1.0,1643093509063.0,1643093509063.0,1643093509063.0,1643093509063.0,1643093509063.0,1643093509063.0,2022-01-25
150.70615,-34.05572,0.0,0.0,0.0,0.0,0.0,0.0,0.0,0.0,1.0,1.0,0.0,0.0,0.0,0.0,1.0,1.0,1643093510341.0,1643093510341.0,1643093510341.0,1643093510341.0,1643093510341.0,1643093510341.0,2022-01-25
150.70618,-34.05574,0.0,0.0,0.0,0.0,0.0,0.0,0.0,0.0,1.0,1.0,0.0,0.0,0.0,0.0,1.0,1.0,1643093508095.0,1643093508095.0,1643093508095.0,1643093508095.0,1643093508095.0,1643093508095.0,2022-01-25
150.70621,-34.0557525,0.0,0.0,0.0,0.0,0.0,0.0,0.0,0.0,1.0,1.0,0.0,0.0,0.0,0.0,1.0,1.0,1643093506404.0,1643093506404.0,1643093506404.0,1643093506404.0,1643093506404.0,1643093506404.0,2022-01-25
150.70624,-34.05576,0.0,0.0,0.0,0.0,0.0,0.0,0.0,0.0,1.0,1.0,0.0,0.0,0.0,0.0,1.0,1.0,1643093505285.0,1643093505285.0,1643093505285.0,1643093505285.0,1643093505285.0,1643093505285.0,2022-01-25
150.70629,-34.05576,0.0,0.0,0.0,0.0,0.0,0.0,0.0,0.0,1.0,1.0,0.0,0.0,0.0,0.0,1.0,1.0,1643093503385.0,1643093503385.0,1643093503385.0,1643093503385.0,1643093503385.0,1643093503385.0,2022-01-25
150.70632,-34.0557625,0.0,0.0,0.0,0.0,0.0,0.0,0.0,0.0,1.0,1.0,0.0,0.0,0.0,0.0,1.0,1.0,1643093502093.0,1643093502093.0,1643093502093.0,1643093502093.0,1643093502093.0,1643093502093.0,2022-01-25
150.70637,-34.05577,0.0,0.0,0.0,0.0,0.0,0.0,0.0,0.0,1.0,1.0,0.0,0.0,0.0,0.0,1.0,1.0,1643093501313.0,1643093501313.0,1643093501313.0,1643093501313.0,1643093501313.0,1643093501313.0,2022-01-25
150.70642,-34.05577,0.0,0.0,0.0,0.0,0.0,0.0,0.0,0.0,1.0,1.0,0.0,0.0,0.0,0.0,1.0,1.0,1643093499213.0,1643093499213.0,1643093499213.0,1643093499213.0,1643093499213.0,1643093499213.0,2022-01-25
150.70646,-34.055775,54.0,54.0,54.0,54.0,2.0,2.0,2.0,2.0,0.0,0.0,1.0,1.0,0.0,0.0,1.0,1.0,1643093498290.0,1643093498290.0,1643093498290.0,1643093498290.0,1643093498290.0,1643093498290.0,2022-01-25
150.70653,-34.05579,147.0,147.0,147.0,147.0,2654.0,2654.0,2654.0,2654.0,0.0,0.0,1.0,1.0,0.0,0.0,1.0,1.0,1643093496424.0,1643093496424.0,1643093496424.0,1643093496424.0,1643093496424.0,1643093496424.0,2022-01-25
150.7066,-34.055805,77.0,77.0,77.0,77.0,5308.0,5308.0,5308.0,5308.0,0.0,0.0,1.0,1.0,0.0,0.0,1.0,1.0,1643093495484.0,1643093495484.0,1643093495484.0,1643093495484.0,1643093495484.0,1643093495484.0,2022-01-25
150.70666,-34.05581,150.0,150.0,150.0,150.0,5308.0,5308.0,5308.0,5308.0,0.0,0.0,1.0,1.0,0.0,0.0,1.0,1.0,1643093494416.0,1643093494416.0,1643093494416.0,1643093494416.0,1643093494416.0,1643093494416.0,2022-01-25
150.70672,-34.05582,85.0,85.0,85.0,85.0,2654.0,2654.0,2654.0,2654.0,0.0,0.0,1.0,1.0,0.0,0.0,1.0,1.0,1643093492439.0,1643093492439.0,1643093492439.0,1643093492439.0,1643093492439.0,1643093492439.0,2022-01-25
150.70677,-34.0558275,36.0,36.0,36.0,36.0,3078.0,3078.0,3078.0,3078.0,0.0,0.0,1.0,1.0,0.0,0.0,1.0,1.0,1643093491398.0,1643093491398.0,1643093491398.0,1643093491398.0,1643093491398.0,1643093491398.0,2022-01-25
150.70682,-34.05584,50.0,50.0,50.0,50.0,3876.0,3876.0,3876.0,3876.0,0.0,0.0,1.0,1.0,0.0,0.0,1.0,1.0,1643093489428.0,1643093489428.0,1643093489428.0,1643093489428.0,1643093489428.0,1643093489428.0,2022-01-25
150.70688,-34.05584,32.0,32.0,32.0,32.0,2736.0,2736.0,2736.0,2736.0,0.0,0.0,1.0,1.0,0.0,0.0,1.0,1.0,1643093488448.0,1643093488448.0,1643093488448.0,1643093488448.0,1643093488448.0,1643093488448.0,2022-01-25
150.70692,-34.05584,28.0,28.0,28.0,28.0,2052.0,2052.0,2052.0,2052.0,0.0,0.0,1.0,1.0,0.0,0.0,1.0,1.0,1643093487424.0,1643093487424.0,1643093487424.0,1643093487424.0,1643093487424.0,1643093487424.0,2022-01-25
150.70695,-34.0558275,24.0,24.0,24.0,24.0,1710.0,1710.0,1710.0,1710.0,0.0,0.0,1.0,1.0,0.0,0.0,1.0,1.0,1643093485445.0,1643093485445.0,1643093485445.0,1643093485445.0,1643093485445.0,1643093485445.0,2022-01-25
150.70698,-34.0558125,30.0,30.0,30.0,30.0,1824.0,1824.0,1824.0,1824.0,0.0,0.0,1.0,1.0,0.0,0.0,1.0,1.0,1643093484414.0,1643093484414.0,1643093484414.0,1643093484414.0,1643093484414.0,1643093484414.0,2022-01-25
150.707,-34.0558,52.0,52.0,52.0,52.0,1539.0,1539.0,1539.0,1539.0,0.0,0.0,1.0,1.0,0.0,0.0,1.0,1.0,1643093482414.0,1643093482414.0,1643093482414.0,1643093482414.0,1643093482414.0,1643093482414.0,2022-01-25
150.70703,-34.05578,95.0,95.0,95.0,95.0,2793.0,2793.0,2793.0,2793.0,0.0,0.0,1.0,1.0,0.0,0.0,1.0,1.0,1643093481409.0,1643093481409.0,1643093481409.0,1643093481409.0,1643093481409.0,1643093481409.0,2022-01-25
150.70705,-34.0557525,64.0,64.0,64.0,64.0,2540.0,2540.0,2540.0,2540.0,0.0,0.0,1.0,1.0,0.0,0.0,1.0,1.0,1643093480499.0,1643093480499.0,1643093480499.0,1643093480499.0,1643093480499.0,1643093480499.0,2022-01-25
150.70707,-34.055725,28904.0,28904.0,28904.0,28904.0,426.0,426.0,426.0,426.0,0.0,0.0,1.0,1.0,0.0,0.0,1.0,1.0,1643093478244.0,1643093478244.0,1643093478244.0,1643093478244.0,1643093478244.0,1643093478244.0,2022-01-25
150.7071,-34.0556975,32989.0,32989.0,32989.0,32989.0,334.0,334.0,334.0,334.0,0.0,0.0,1.0,1.0,0.0,0.0,1.0,1.0,1643093477383.0,1643093477383.0,1643093477383.0,1643093477383.0,1643093477383.0,1643093477383.0,2022-01-25
150.70715,-34.0556775,21104.0,21104.0,21104.0,21104.0,272.0,272.0,272.0,272.0,0.0,0.0,1.0,1.0,0.0,0.0,1.0,1.0,1643093475500.0,1643093475500.0,1643093475500.0,1643093475500.0,1643093475500.0,1643093475500.0,2022-01-25
150.70719,-34.055655,37567.0,37567.0,37567.0,37567.0,294.0,294.0,294.0,294.0,0.0,0.0,1.0,1.0,0.0,0.0,1.0,1.0,1643093474488.0,1643093474488.0,1643093474488.0,1643093474488.0,1643093474488.0,1643093474488.0,2022-01-25
150.70721,-34.05563,2.0,5.0,3.5,3.5,2.0,5.0,3.5,3.5,2.0,2.0,2.0,2.0,0.0,0.0,4.0,4.0,1643093189423.0,1643093194311.0,1643093189423.0,1643093189423.0,1643093189423.0,1643093189423.0,2022-01-25
150.70723,-34.05565,52719.0,52719.0,52719.0,52719.0,233.0,233.0,233.0,233.0,0.0,0.0,1.0,1.0,0.0,0.0,1.0,1.0,1643093473504.0,1643093473504.0,1643093473504.0,1643093473504.0,1643093473504.0,1643093473504.0,2022-01-25
150.70723,-34.05563,0.0,0.0,0.0,0.0,0.0,0.0,0.0,0.0,1.0,1.0,0.0,0.0,0.0,0.0,1.0,1.0,1643093195431.0,1643093195431.0,1643093195431.0,1643093195431.0,1643093195431.0,1643093195431.0,2022-01-25
150.70724,-34.05563,0.0,0.0,0.0,0.0,0.0,0.0,0.0,0.0,2.0,2.0,0.0,0.0,0.0,0.0,2.0,2.0,1643093188410.0,1643093196413.0,1643093188410.0,1643093188410.0,1643093188410.0,1643093188410.0,2022-01-25
150.70726,-34.05563,0.0,0.0,0.0,0.0,0.0,0.0,0.0,0.0,1.0,1.0,0.0,0.0,0.0,0.0,1.0,1.0,1643093187129.0,1643093187129.0,1643093187129.0,1643093187129.0,1643093187129.0,1643093187129.0,2022-01-25
150.70727,-34.0556525,34292.0,34292.0,34292.0,34292.0,296.0,296.0,296.0,296.0,0.0,0.0,1.0,1.0,0.0,0.0,1.0,1.0,1643093471500.0,1643093471500.0,1643093471500.0,1643093471500.0,1643093471500.0,1643093471500.0,2022-01-25
150.70727,-34.0556325,0.0,0.0,0.0,0.0,0.0,0.0,0.0,0.0,1.0,1.0,0.0,0.0,0.0,0.0,1.0,1.0,1643093198381.0,1643093198381.0,1643093198381.0,1643093198381.0,1643093198381.0,1643093198381.0,2022-01-25
150.70728,-34.05564,0.0,0.0,0.0,0.0,0.0,0.0,0.0,0.0,1.0,1.0,0.0,0.0,0.0,0.0,1.0,1.0,1643093199289.0,1643093199289.0,1643093199289.0,1643093199289.0,1643093199289.0,1643093199289.0,2022-01-25
150.7073,-34.0556675,18922.0,18922.0,18922.0,18922.0,271.0,271.0,271.0,271.0,0.0,0.0,1.0,1.0,0.0,0.0,1.0,1.0,1643093470428.0,1643093470428.0,1643093470428.0,1643093470428.0,1643093470428.0,1643093470428.0,2022-01-25
150.7073,-34.055655,0.0,0.0,0.0,0.0,0.0,0.0,0.0,0.0,1.0,1.0,0.0,0.0,0.0,0.0,1.0,1.0,1643093201313.0,1643093201313.0,1643093201313.0,1643093201313.0,1643093201313.0,1643093201313.0,2022-01-25
150.7073,-34.0556175,0.0,0.0,0.0,0.0,0.0,0.0,0.0,0.0,1.0,1.0,0.0,0.0,0.0,0.0,1.0,1.0,1643093185368.0,1643093185368.0,1643093185368.0,1643093185368.0,1643093185368.0,1643093185368.0,2022-01-25
150.70731,-34.055665,0.0,0.0,0.0,0.0,0.0,0.0,0.0,0.0,1.0,1.0,0.0,0.0,0.0,0.0,1.0,1.0,1643093202205.0,1643093202205.0,1643093202205.0,1643093202205.0,1643093202205.0,1643093202205.0,2022-01-25
150.70732,-34.0556825,23147.0,23147.0,23147.0,23147.0,249.0,249.0,249.0,249.0,0.0,0.0,1.0,1.0,0.0,0.0,1.0,1.0,1643093468490.0,1643093468490.0,1643093468490.0,1643093468490.0,1643093468490.0,1643093468490.0,2022-01-25
150.70732,-34.05568,0.0,0.0,0.0,0.0,0.0,0.0,0.0,0.0,1.0,1.0,0.0,0.0,0.0,0.0,1.0,1.0,1643093204090.0,1643093204090.0,1643093204090.0,1643093204090.0,1643093204090.0,1643093204090.0,2022-01-25
150.70734,-34.05569,0.0,0.0,0.0,0.0,0.0,0.0,0.0,0.0,1.0,1.0,0.0,0.0,0.0,0.0,1.0,1.0,1643093205064.0,1643093205064.0,1643093205064.0,1643093205064.0,1643093205064.0,1643093205064.0,2022-01-25
150.70734,-34.05561,0.0,0.0,0.0,0.0,0.0,0.0,0.0,0.0,1.0,1.0,0.0,0.0,0.0,0.0,1.0,1.0,1643093184250.0,1643093184250.0,1643093184250.0,1643093184250.0,1643093184250.0,1643093184250.0,2022-01-25
150.70735,-34.0557,2.0,25780.0,4298.333333333333,2.0,2.0,245.0,43.0,2.0,42.0,42.0,6.0,6.0,0.0,0.0,48.0,48.0,1643093349338.0,1643093466424.0,1643093349338.0,1643093349338.0,1643093349338.0,1643093349338.0,2022-01-25
150.70735,-34.0556975,0.0,0.0,0.0,0.0,0.0,0.0,0.0,0.0,1.0,1.0,0.0,0.0,0.0,0.0,1.0,1.0,1643093206330.0,1643093206330.0,1643093206330.0,1643093206330.0,1643093206330.0,1643093206330.0,2022-01-25
150.70735,-34.055695,33961.0,33961.0,33961.0,33961.0,225.0,225.0,225.0,225.0,0.0,0.0,1.0,1.0,0.0,0.0,1.0,1.0,1643093467481.0,1643093467481.0,1643093467481.0,1643093467481.0,1643093467481.0,1643093467481.0,2022-01-25
150.70736,-34.0557,0.0,0.0,0.0,0.0,0.0,0.0,0.0,0.0,1.0,1.0,0.0,0.0,0.0,0.0,1.0,1.0,1643093348089.0,1643093348089.0,1643093348089.0,1643093348089.0,1643093348089.0,1643093348089.0,2022-01-25
150.70737,-34.05571,2.0,33646.0,14954.0,13084.0,2.0,330.0,132.0,98.0,11.0,11.0,4.0,4.0,0.0,0.0,15.0,15.0,1643093445369.0,1643093464423.0,1643093447385.0,1643093447385.0,1643093447385.0,1643093447385.0,2022-01-25
150.70737,-34.0557,2.0,34102.0,8024.9473684210525,37.5,2.0,2654.0,679.578947368421,216.0,83.0,83.0,38.0,38.0,0.0,0.0,121.0,121.0,1643093208246.0,1643093443129.0,1643093310418.0,1643093283419.0,1643093310418.0,1643093283419.0,2022-01-25
150.70738,-34.05561,2.0,2.0,2.0,2.0,2.0,2.0,2.0,2.0,0.0,0.0,1.0,1.0,0.0,0.0,1.0,1.0,1643093182305.0,1643093182305.0,1643093182305.0,1643093182305.0,1643093182305.0,1643093182305.0,2022-01-25
150.70743,-34.055635,0.0,0.0,0.0,0.0,0.0,0.0,0.0,0.0,1.0,1.0,0.0,0.0,0.0,0.0,1.0,1.0,1643093181408.0,1643093181408.0,1643093181408.0,1643093181408.0,1643093181408.0,1643093181408.0,2022-01-25
150.70747,-34.0556525,0.0,0.0,0.0,0.0,0.0,0.0,0.0,0.0,1.0,1.0,0.0,0.0,0.0,0.0,1.0,1.0,1643093180130.0,1643093180130.0,1643093180130.0,1643093180130.0,1643093180130.0,1643093180130.0,2022-01-25
150.70756,-34.055725,0.0,0.0,0.0,0.0,0.0,0.0,0.0,0.0,1.0,1.0,0.0,0.0,0.0,0.0,1.0,1.0,1643093178250.0,1643093178250.0,1643093178250.0,1643093178250.0,1643093178250.0,1643093178250.0,2022-01-25
150.70761,-34.0557675,0.0,0.0,0.0,0.0,0.0,0.0,0.0,0.0,1.0,1.0,0.0,0.0,0.0,0.0,1.0,1.0,1643093177210.0,1643093177210.0,1643093177210.0,1643093177210.0,1643093177210.0,1643093177210.0,2022-01-25
150.70769,-34.0558225,0.0,0.0,0.0,0.0,0.0,0.0,0.0,0.0,1.0,1.0,0.0,0.0,0.0,0.0,1.0,1.0,1643093175289.0,1643093175289.0,1643093175289.0,1643093175289.0,1643093175289.0,1643093175289.0,2022-01-25
150.70777,-34.055895,0.0,0.0,0.0,0.0,0.0,0.0,0.0,0.0,1.0,1.0,0.0,0.0,0.0,0.0,1.0,1.0,1643093174433.0,1643093174433.0,1643093174433.0,1643093174433.0,1643093174433.0,1643093174433.0,2022-01-25
150.70785,-34.0559525,0.0,0.0,0.0,0.0,0.0,0.0,0.0,0.0,1.0,1.0,0.0,0.0,0.0,0.0,1.0,1.0,1643093173200.0,1643093173200.0,1643093173200.0,1643093173200.0,1643093173200.0,1643093173200.0,2022-01-25
150.70794,-34.0560275,0.0,0.0,0.0,0.0,0.0,0.0,0.0,0.0,1.0,1.0,0.0,0.0,0.0,0.0,1.0,1.0,1643093171130.0,1643093171130.0,1643093171130.0,1643093171130.0,1643093171130.0,1643093171130.0,2022-01-25
150.70801,-34.0560875,0.0,0.0,0.0,0.0,0.0,0.0,0.0,0.0,1.0,1.0,0.0,0.0,0.0,0.0,1.0,1.0,1643093170170.0,1643093170170.0,1643093170170.0,1643093170170.0,1643093170170.0,1643093170170.0,2022-01-25
150.70807,-34.05614,0.0,0.0,0.0,0.0,0.0,0.0,0.0,0.0,1.0,1.0,0.0,0.0,0.0,0.0,1.0,1.0,1643093168113.0,1643093168113.0,1643093168113.0,1643093168113.0,1643093168113.0,1643093168113.0,2022-01-25
150.70813,-34.0561825,0.0,0.0,0.0,0.0,0.0,0.0,0.0,0.0,1.0,1.0,0.0,0.0,0.0,0.0,1.0,1.0,1643093167305.0,1643093167305.0,1643093167305.0,1643093167305.0,1643093167305.0,1643093167305.0,2022-01-25
150.70817,-34.05619,0.0,0.0,0.0,0.0,0.0,0.0,0.0,0.0,1.0,1.0,0.0,0.0,0.0,0.0,1.0,1.0,1643093166276.0,1643093166276.0,1643093166276.0,1643093166276.0,1643093166276.0,1643093166276.0,2022-01-25
150.70821,-34.0561875,0.0,0.0,0.0,0.0,0.0,0.0,0.0,0.0,1.0,1.0,0.0,0.0,0.0,0.0,1.0,1.0,1643093164388.0,1643093164388.0,1643093164388.0,1643093164388.0,1643093164388.0,1643093164388.0,2022-01-25
150.70824,-34.0561725,0.0,0.0,0.0,0.0,0.0,0.0,0.0,0.0,1.0,1.0,0.0,0.0,0.0,0.0,1.0,1.0,1643093163398.0,1643093163398.0,1643093163398.0,1643093163398.0,1643093163398.0,1643093163398.0,2022-01-25
150.70824,-34.05617,2.0,2.0,2.0,2.0,2.0,2.0,2.0,2.0,5.0,5.0,1.0,1.0,0.0,0.0,6.0,6.0,1643093149370.0,1643093156385.0,1643093149370.0,1643093149370.0,1643093149370.0,1643093149370.0,2022-01-25
150.70825,-34.05617,8.0,8.0,8.0,8.0,8.0,8.0,8.0,8.0,3.0,3.0,1.0,1.0,0.0,0.0,4.0,4.0,1643093157420.0,1643093161426.0,1643093157420.0,1643093157420.0,1643093157420.0,1643093157420.0,2022-01-25
150.70827,-34.0561475,0.0,0.0,0.0,0.0,0.0,0.0,0.0,0.0,1.0,1.0,0.0,0.0,0.0,0.0,1.0,1.0,1643093147131.0,1643093147131.0,1643093147131.0,1643093147131.0,1643093147131.0,1643093147131.0,2022-01-25
150.70831,-34.05611,0.0,0.0,0.0,0.0,0.0,0.0,0.0,0.0,1.0,1.0,0.0,0.0,0.0,0.0,1.0,1.0,1643093146170.0,1643093146170.0,1643093146170.0,1643093146170.0,1643093146170.0,1643093146170.0,2022-01-25
150.70837,-34.0560625,0.0,0.0,0.0,0.0,0.0,0.0,0.0,0.0,1.0,1.0,0.0,0.0,0.0,0.0,1.0,1.0,1643093145214.0,1643093145214.0,1643093145214.0,1643093145214.0,1643093145214.0,1643093145214.0,2022-01-25
150.70844,-34.056005,0.0,0.0,0.0,0.0,0.0,0.0,0.0,0.0,1.0,1.0,0.0,0.0,0.0,0.0,1.0,1.0,1643093142965.0,1643093142965.0,1643093142965.0,1643093142965.0,1643093142965.0,1643093142965.0,2022-01-25
150.70853,-34.0559225,0.0,0.0,0.0,0.0,0.0,0.0,0.0,0.0,1.0,1.0,0.0,0.0,0.0,0.0,1.0,1.0,1643093142010.0,1643093142010.0,1643093142010.0,1643093142010.0,1643093142010.0,1643093142010.0,2022-01-25
150.70864,-34.055835,0.0,0.0,0.0,0.0,0.0,0.0,0.0,0.0,1.0,1.0,0.0,0.0,0.0,0.0,1.0,1.0,1643093140410.0,1643093140410.0,1643093140410.0,1643093140410.0,1643093140410.0,1643093140410.0,2022-01-25
150.70874,-34.0557525,0.0,0.0,0.0,0.0,0.0,0.0,0.0,0.0,1.0,1.0,0.0,0.0,0.0,0.0,1.0,1.0,1643093139130.0,1643093139130.0,1643093139130.0,1643093139130.0,1643093139130.0,1643093139130.0,2022-01-25
150.70888,-34.0556425,0.0,0.0,0.0,0.0,0.0,0.0,0.0,0.0,1.0,1.0,0.0,0.0,0.0,0.0,1.0,1.0,1643093138170.0,1643093138170.0,1643093138170.0,1643093138170.0,1643093138170.0,1643093138170.0,2022-01-25
150.70901,-34.055535,0.0,0.0,0.0,0.0,0.0,0.0,0.0,0.0,1.0,1.0,0.0,0.0,0.0,0.0,1.0,1.0,1643093136330.0,1643093136330.0,1643093136330.0,1643093136330.0,1643093136330.0,1643093136330.0,2022-01-25
150.7091,-34.05546,0.0,0.0,0.0,0.0,0.0,0.0,0.0,0.0,1.0,1.0,0.0,0.0,0.0,0.0,1.0,1.0,1643093135369.0,1643093135369.0,1643093135369.0,1643093135369.0,1643093135369.0,1643093135369.0,2022-01-25
150.70926,-34.0553475,0.0,0.0,0.0,0.0,0.0,0.0,0.0,0.0,1.0,1.0,0.0,0.0,0.0,0.0,1.0,1.0,1643093133313.0,1643093133313.0,1643093133313.0,1643093133313.0,1643093133313.0,1643093133313.0,2022-01-25
150.70938,-34.05526,0.0,0.0,0.0,0.0,0.0,0.0,0.0,0.0,1.0,1.0,0.0,0.0,0.0,0.0,1.0,1.0,1643093132176.0,1643093132176.0,1643093132176.0,1643093132176.0,1643093132176.0,1643093132176.0,2022-01-25
150.70954,-34.0551325,0.0,0.0,0.0,0.0,0.0,0.0,0.0,0.0,1.0,1.0,0.0,0.0,0.0,0.0,1.0,1.0,1643093131210.0,1643093131210.0,1643093131210.0,1643093131210.0,1643093131210.0,1643093131210.0,2022-01-25
150.70969,-34.0550125,0.0,0.0,0.0,0.0,0.0,0.0,0.0,0.0,1.0,1.0,0.0,0.0,0.0,0.0,1.0,1.0,1643093129313.0,1643093129313.0,1643093129313.0,1643093129313.0,1643093129313.0,1643093129313.0,2022-01-25
150.70979,-34.0549375,522.0,522.0,522.0,522.0,15925.0,15925.0,15925.0,15925.0,0.0,0.0,1.0,1.0,0.0,0.0,1.0,1.0,1643093128203.0,1643093128203.0,1643093128203.0,1643093128203.0,1643093128203.0,1643093128203.0,2022-01-25
150.70998,-34.0547725,178.0,178.0,178.0,178.0,7962.0,7962.0,7962.0,7962.0,0.0,0.0,1.0,1.0,0.0,0.0,1.0,1.0,1643093126488.0,1643093126488.0,1643093126488.0,1643093126488.0,1643093126488.0,1643093126488.0,2022-01-25
150.71011,-34.0546775,171.0,171.0,171.0,171.0,5308.0,5308.0,5308.0,5308.0,0.0,0.0,1.0,1.0,0.0,0.0,1.0,1.0,1643093125416.0,1643093125416.0,1643093125416.0,1643093125416.0,1643093125416.0,1643093125416.0,2022-01-25
150.71026,-34.054555,28.0,28.0,28.0,28.0,2280.0,2280.0,2280.0,2280.0,0.0,0.0,1.0,1.0,0.0,0.0,1.0,1.0,1643093124473.0,1643093124473.0,1643093124473.0,1643093124473.0,1643093124473.0,1643093124473.0,2022-01-25
150.71038,-34.0544475,44.0,44.0,44.0,44.0,3762.0,3762.0,3762.0,3762.0,0.0,0.0,1.0,1.0,0.0,0.0,1.0,1.0,1643093122408.0,1643093122408.0,1643093122408.0,1643093122408.0,1643093122408.0,1643093122408.0,2022-01-25
150.71052,-34.054335,48.0,48.0,48.0,48.0,3306.0,3306.0,3306.0,3306.0,0.0,0.0,1.0,1.0,0.0,0.0,1.0,1.0,1643093121420.0,1643093121420.0,1643093121420.0,1643093121420.0,1643093121420.0,1643093121420.0,2022-01-25
150.71063,-34.054235,81.0,81.0,81.0,81.0,5586.0,5586.0,5586.0,5586.0,0.0,0.0,1.0,1.0,0.0,0.0,1.0,1.0,1643093119419.0,1643093119419.0,1643093119419.0,1643093119419.0,1643093119419.0,1643093119419.0,2022-01-25
150.71077,-34.054125,93.0,93.0,93.0,93.0,6211.0,6211.0,6211.0,6211.0,0.0,0.0,1.0,1.0,0.0,0.0,1.0,1.0,1643093118413.0,1643093118413.0,1643093118413.0,1643093118413.0,1643093118413.0,1643093118413.0,2022-01-25
150.7109,-34.054025,77.0,77.0,77.0,77.0,4902.0,4902.0,4902.0,4902.0,0.0,0.0,1.0,1.0,0.0,0.0,1.0,1.0,1643093117503.0,1643093117503.0,1643093117503.0,1643093117503.0,1643093117503.0,1643093117503.0,2022-01-25
150.71104,-34.0539275,48.0,48.0,48.0,48.0,2850.0,2850.0,2850.0,2850.0,0.0,0.0,1.0,1.0,0.0,0.0,1.0,1.0,1643093115413.0,1643093115413.0,1643093115413.0,1643093115413.0,1643093115413.0,1643093115413.0,2022-01-25
150.71118,-34.0538225,93.0,93.0,93.0,93.0,2736.0,2736.0,2736.0,2736.0,0.0,0.0,1.0,1.0,0.0,0.0,1.0,1.0,1643093114413.0,1643093114413.0,1643093114413.0,1643093114413.0,1643093114413.0,1643093114413.0,2022-01-25
150.71131,-34.0537125,52.0,52.0,52.0,52.0,1856.0,1856.0,1856.0,1856.0,0.0,0.0,1.0,1.0,0.0,0.0,1.0,1.0,1643093112414.0,1643093112414.0,1643093112414.0,1643093112414.0,1643093112414.0,1643093112414.0,2022-01-25
150.71148,-34.0535675,0.0,0.0,0.0,0.0,0.0,0.0,0.0,0.0,1.0,1.0,0.0,0.0,0.0,0.0,1.0,1.0,1643093111441.0,1643093111441.0,1643093111441.0,1643093111441.0,1643093111441.0,1643093111441.0,2022-01-25
150.71156,-34.0535025,25777.0,25777.0,25777.0,25777.0,268.0,268.0,268.0,268.0,0.0,0.0,1.0,1.0,0.0,0.0,1.0,1.0,1643093110338.0,1643093110338.0,1643093110338.0,1643093110338.0,1643093110338.0,1643093110338.0,2022-01-25
150.71173,-34.0533725,13169.0,13169.0,13169.0,13169.0,142.0,142.0,142.0,142.0,0.0,0.0,1.0,1.0,0.0,0.0,1.0,1.0,1643093108494.0,1643093108494.0,1643093108494.0,1643093108494.0,1643093108494.0,1643093108494.0,2022-01-25
150.71185,-34.053275,20469.0,20469.0,20469.0,20469.0,392.0,392.0,392.0,392.0,0.0,0.0,1.0,1.0,0.0,0.0,1.0,1.0,1643093107474.0,1643093107474.0,1643093107474.0,1643093107474.0,1643093107474.0,1643093107474.0,2022-01-25
150.712,-34.0531625,16995.0,16995.0,16995.0,16995.0,180.0,180.0,180.0,180.0,0.0,0.0,1.0,1.0,0.0,0.0,1.0,1.0,1643093105463.0,1643093105463.0,1643093105463.0,1643093105463.0,1643093105463.0,1643093105463.0,2022-01-25
150.71214,-34.053045,5714.0,5714.0,5714.0,5714.0,86.0,86.0,86.0,86.0,0.0,0.0,1.0,1.0,0.0,0.0,1.0,1.0,1643093104486.0,1643093104486.0,1643093104486.0,1643093104486.0,1643093104486.0,1643093104486.0,2022-01-25
150.71228,-34.052935,13796.0,13796.0,13796.0,13796.0,180.0,180.0,180.0,180.0,0.0,0.0,1.0,1.0,0.0,0.0,1.0,1.0,1643093103420.0,1643093103420.0,1643093103420.0,1643093103420.0,1643093103420.0,1643093103420.0,2022-01-25
150.7124,-34.052815,19342.0,19342.0,19342.0,19342.0,233.0,233.0,233.0,233.0,0.0,0.0,1.0,1.0,0.0,0.0,1.0,1.0,1643093101434.0,1643093101434.0,1643093101434.0,1643093101434.0,1643093101434.0,1643093101434.0,2022-01-25
150.71255,-34.0526975,18161.0,18161.0,18161.0,18161.0,249.0,249.0,249.0,249.0,0.0,0.0,1.0,1.0,0.0,0.0,1.0,1.0,1643093100453.0,1643093100453.0,1643093100453.0,1643093100453.0,1643093100453.0,1643093100453.0,2022-01-25
150.7127,-34.0525875,18292.0,18292.0,18292.0,18292.0,265.0,265.0,265.0,265.0,0.0,0.0,1.0,1.0,0.0,0.0,1.0,1.0,1643093098458.0,1643093098458.0,1643093098458.0,1643093098458.0,1643093098458.0,1643093098458.0,2022-01-25
150.71283,-34.0524775,22467.0,22467.0,22467.0,22467.0,245.0,245.0,245.0,245.0,0.0,0.0,1.0,1.0,0.0,0.0,1.0,1.0,1643093097455.0,1643093097455.0,1643093097455.0,1643093097455.0,1643093097455.0,1643093097455.0,2022-01-25
150.71297,-34.052365,22558.0,22558.0,22558.0,22558.0,249.0,249.0,249.0,249.0,0.0,0.0,1.0,1.0,0.0,0.0,1.0,1.0,1643093096514.0,1643093096514.0,1643093096514.0,1643093096514.0,1643093096514.0,1643093096514.0,2022-01-25
150.71313,-34.052245,24577.0,24577.0,24577.0,24577.0,308.0,308.0,308.0,308.0,0.0,0.0,1.0,1.0,0.0,0.0,1.0,1.0,1643093094448.0,1643093094448.0,1643093094448.0,1643093094448.0,1643093094448.0,1643093094448.0,2022-01-25
150.7133,-34.0521025,0.0,0.0,0.0,0.0,0.0,0.0,0.0,0.0,1.0,1.0,0.0,0.0,0.0,0.0,1.0,1.0,1643093093473.0,1643093093473.0,1643093093473.0,1643093093473.0,1643093093473.0,1643093093473.0,2022-01-25
150.71341,-34.052005,2.0,2.0,2.0,2.0,2.0,2.0,2.0,2.0,0.0,0.0,1.0,1.0,0.0,0.0,1.0,1.0,1643093091210.0,1643093091210.0,1643093091210.0,1643093091210.0,1643093091210.0,1643093091210.0,2022-01-25
150.71359,-34.051865,5.0,5.0,5.0,5.0,5.0,5.0,5.0,5.0,0.0,0.0,1.0,1.0,0.0,0.0,1.0,1.0,1643093090404.0,1643093090404.0,1643093090404.0,1643093090404.0,1643093090404.0,1643093090404.0,2022-01-25
150.7137,-34.05177,0.0,0.0,0.0,0.0,0.0,0.0,0.0,0.0,1.0,1.0,0.0,0.0,0.0,0.0,1.0,1.0,1643093089376.0,1643093089376.0,1643093089376.0,1643093089376.0,1643093089376.0,1643093089376.0,2022-01-25
150.71383,-34.05167,0.0,0.0,0.0,0.0,0.0,0.0,0.0,0.0,1.0,1.0,0.0,0.0,0.0,0.0,1.0,1.0,1643093087370.0,1643093087370.0,1643093087370.0,1643093087370.0,1643093087370.0,1643093087370.0,2022-01-25
150.71397,-34.0515575,0.0,0.0,0.0,0.0,0.0,0.0,0.0,0.0,1.0,1.0,0.0,0.0,0.0,0.0,1.0,1.0,1643093086113.0,1643093086113.0,1643093086113.0,1643093086113.0,1643093086113.0,1643093086113.0,2022-01-25
150.7141,-34.0514475,0.0,0.0,0.0,0.0,0.0,0.0,0.0,0.0,1.0,1.0,0.0,0.0,0.0,0.0,1.0,1.0,1643093084170.0,1643093084170.0,1643093084170.0,1643093084170.0,1643093084170.0,1643093084170.0,2022-01-25
150.71424,-34.051335,0.0,0.0,0.0,0.0,0.0,0.0,0.0,0.0,1.0,1.0,0.0,0.0,0.0,0.0,1.0,1.0,1643093083223.0,1643093083223.0,1643093083223.0,1643093083223.0,1643093083223.0,1643093083223.0,2022-01-25
150.71435,-34.051255,2.0,2.0,2.0,2.0,2.0,2.0,2.0,2.0,0.0,0.0,1.0,1.0,0.0,0.0,1.0,1.0,1643093082250.0,1643093082250.0,1643093082250.0,1643093082250.0,1643093082250.0,1643093082250.0,2022-01-25
150.7145,-34.05113,0.0,0.0,0.0,0.0,0.0,0.0,0.0,0.0,1.0,1.0,0.0,0.0,0.0,0.0,1.0,1.0,1643093080249.0,1643093080249.0,1643093080249.0,1643093080249.0,1643093080249.0,1643093080249.0,2022-01-25
150.71455,-34.0496575,0.0,0.0,0.0,0.0,0.0,0.0,0.0,0.0,1.0,1.0,0.0,0.0,0.0,0.0,1.0,1.0,1643093055130.0,1643093055130.0,1643093055130.0,1643093055130.0,1643093055130.0,1643093055130.0,2022-01-25
150.71457,-34.049745,2.0,2.0,2.0,2.0,2.0,2.0,2.0,2.0,0.0,0.0,1.0,1.0,0.0,0.0,1.0,1.0,1643093056350.0,1643093056350.0,1643093056350.0,1643093056350.0,1643093056350.0,1643093056350.0,2022-01-25
150.71458,-34.0495625,0.0,0.0,0.0,0.0,0.0,0.0,0.0,0.0,1.0,1.0,0.0,0.0,0.0,0.0,1.0,1.0,1643093054423.0,1643093054423.0,1643093054423.0,1643093054423.0,1643093054423.0,1643093054423.0,2022-01-25
150.7146,-34.051055,0.0,0.0,0.0,0.0,0.0,0.0,0.0,0.0,1.0,1.0,0.0,0.0,0.0,0.0,1.0,1.0,1643093078970.0,1643093078970.0,1643093078970.0,1643093078970.0,1643093078970.0,1643093078970.0,2022-01-25
150.7146,-34.04982,2.0,2.0,2.0,2.0,2.0,2.0,2.0,2.0,0.0,0.0,1.0,1.0,0.0,0.0,1.0,1.0,1643093058360.0,1643093058360.0,1643093058360.0,1643093058360.0,1643093058360.0,1643093058360.0,2022-01-25
150.71466,-34.0494675,0.0,0.0,0.0,0.0,0.0,0.0,0.0,0.0,1.0,1.0,0.0,0.0,0.0,0.0,1.0,1.0,1643093052359.0,1643093052359.0,1643093052359.0,1643093052359.0,1643093052359.0,1643093052359.0,2022-01-25
150.71468,-34.0499375,2.0,2.0,2.0,2.0,0.0,0.0,0.0,0.0,0.0,1.0,1.0,0.0,0.0,0.0,1.0,1.0,1643093059290.0,1643093059290.0,1643093059290.0,1643093059290.0,1643093059290.0,1643093059290.0,2022-01-25
150.71472,-34.0509575,0.0,0.0,0.0,0.0,0.0,0.0,0.0,0.0,1.0,1.0,0.0,0.0,0.0,0.0,1.0,1.0,1643093077370.0,1643093077370.0,1643093077370.0,1643093077370.0,1643093077370.0,1643093077370.0,2022-01-25
150.71472,-34.0494175,0.0,0.0,0.0,0.0,0.0,0.0,0.0,0.0,1.0,1.0,0.0,0.0,0.0,0.0,1.0,1.0,1643093051313.0,1643093051313.0,1643093051313.0,1643093051313.0,1643093051313.0,1643093051313.0,2022-01-25
150.71474,-34.0500325,0.0,0.0,0.0,0.0,0.0,0.0,0.0,0.0,1.0,1.0,0.0,0.0,0.0,0.0,1.0,1.0,1643093061286.0,1643093061286.0,1643093061286.0,1643093061286.0,1643093061286.0,1643093061286.0,2022-01-25
150.71481,-34.050885,0.0,0.0,0.0,0.0,0.0,0.0,0.0,0.0,1.0,1.0,0.0,0.0,0.0,0.0,1.0,1.0,1643093076090.0,1643093076090.0,1643093076090.0,1643093076090.0,1643093076090.0,1643093076090.0,2022-01-25
150.71483,-34.0501725,0.0,0.0,0.0,0.0,0.0,0.0,0.0,0.0,1.0,1.0,0.0,0.0,0.0,0.0,1.0,1.0,1643093062170.0,1643093062170.0,1643093062170.0,1643093062170.0,1643093062170.0,1643093062170.0,2022-01-25
150.71487,-34.049305,28.0,28.0,28.0,28.0,22.0,22.0,22.0,22.0,0.0,0.0,1.0,1.0,0.0,0.0,1.0,1.0,1643093049370.0,1643093049370.0,1643093049370.0,1643093049370.0,1643093049370.0,1643093049370.0,2022-01-25
150.7149,-34.050275,0.0,0.0,0.0,0.0,0.0,0.0,0.0,0.0,1.0,1.0,0.0,0.0,0.0,0.0,1.0,1.0,1643093063213.0,1643093063213.0,1643093063213.0,1643093063213.0,1643093063213.0,1643093063213.0,2022-01-25
150.71491,-34.050815,0.0,0.0,0.0,0.0,0.0,0.0,0.0,0.0,1.0,1.0,0.0,0.0,0.0,0.0,1.0,1.0,1643093075130.0,1643093075130.0,1643093075130.0,1643093075130.0,1643093075130.0,1643093075130.0,2022-01-25
150.71496,-34.05037,0.0,0.0,0.0,0.0,0.0,0.0,0.0,0.0,1.0,1.0,0.0,0.0,0.0,0.0,1.0,1.0,1643093065405.0,1643093065405.0,1643093065405.0,1643093065405.0,1643093065405.0,1643093065405.0,2022-01-25
150.715,-34.05076,0.0,0.0,0.0,0.0,0.0,0.0,0.0,0.0,1.0,1.0,0.0,0.0,0.0,0.0,1.0,1.0,1643093073210.0,1643093073210.0,1643093073210.0,1643093073210.0,1643093073210.0,1643093073210.0,2022-01-25
150.71502,-34.0504625,0.0,0.0,0.0,0.0,0.0,0.0,0.0,0.0,1.0,1.0,0.0,0.0,0.0,0.0,1.0,1.0,1643093066313.0,1643093066313.0,1643093066313.0,1643093066313.0,1643093066313.0,1643093066313.0,2022-01-25
150.71505,-34.049145,0.0,0.0,0.0,0.0,0.0,0.0,0.0,0.0,1.0,1.0,0.0,0.0,0.0,0.0,1.0,1.0,1643093048441.0,1643093048441.0,1643093048441.0,1643093048441.0,1643093048441.0,1643093048441.0,2022-01-25
150.71507,-34.0507025,0.0,0.0,0.0,0.0,0.0,0.0,0.0,0.0,1.0,1.0,0.0,0.0,0.0,0.0,1.0,1.0,1643093072250.0,1643093072250.0,1643093072250.0,1643093072250.0,1643093072250.0,1643093072250.0,2022-01-25
150.71507,-34.0505525,0.0,0.0,0.0,0.0,0.0,0.0,0.0,0.0,1.0,1.0,0.0,0.0,0.0,0.0,1.0,1.0,1643093068410.0,1643093068410.0,1643093068410.0,1643093068410.0,1643093068410.0,1643093068410.0,2022-01-25
150.7151,-34.050665,0.0,0.0,0.0,0.0,0.0,0.0,0.0,0.0,1.0,1.0,0.0,0.0,0.0,0.0,1.0,1.0,1643093070113.0,1643093070113.0,1643093070113.0,1643093070113.0,1643093070113.0,1643093070113.0,2022-01-25
150.7151,-34.0506,0.0,0.0,0.0,0.0,0.0,0.0,0.0,0.0,1.0,1.0,0.0,0.0,0.0,0.0,1.0,1.0,1643093069050.0,1643093069050.0,1643093069050.0,1643093069050.0,1643093069050.0,1643093069050.0,2022-01-25
150.71517,-34.049055,0.0,0.0,0.0,0.0,0.0,0.0,0.0,0.0,1.0,1.0,0.0,0.0,0.0,0.0,1.0,1.0,1643093047289.0,1643093047289.0,1643093047289.0,1643093047289.0,1643093047289.0,1643093047289.0,2022-01-25
150.71535,-34.048915,0.0,0.0,0.0,0.0,0.0,0.0,0.0,0.0,1.0,1.0,0.0,0.0,0.0,0.0,1.0,1.0,1643093045051.0,1643093045051.0,1643093045051.0,1643093045051.0,1643093045051.0,1643093045051.0,2022-01-25
150.71549,-34.04881,0.0,0.0,0.0,0.0,0.0,0.0,0.0,0.0,1.0,1.0,0.0,0.0,0.0,0.0,1.0,1.0,1643093044409.0,1643093044409.0,1643093044409.0,1643093044409.0,1643093044409.0,1643093044409.0,2022-01-25
150.71568,-34.0486675,0.0,0.0,0.0,0.0,0.0,0.0,0.0,0.0,1.0,1.0,0.0,0.0,0.0,0.0,1.0,1.0,1643093042169.0,1643093042169.0,1643093042169.0,1643093042169.0,1643093042169.0,1643093042169.0,2022-01-25
150.71583,-34.048555,0.0,0.0,0.0,0.0,0.0,0.0,0.0,0.0,1.0,1.0,0.0,0.0,0.0,0.0,1.0,1.0,1643093041209.0,1643093041209.0,1643093041209.0,1643093041209.0,1643093041209.0,1643093041209.0,2022-01-25
150.71599,-34.0484475,0.0,0.0,0.0,0.0,0.0,0.0,0.0,0.0,1.0,1.0,0.0,0.0,0.0,0.0,1.0,1.0,1643093040249.0,1643093040249.0,1643093040249.0,1643093040249.0,1643093040249.0,1643093040249.0,2022-01-25
150.71617,-34.0483225,0.0,0.0,0.0,0.0,0.0,0.0,0.0,0.0,1.0,1.0,0.0,0.0,0.0,0.0,1.0,1.0,1643093038010.0,1643093038010.0,1643093038010.0,1643093038010.0,1643093038010.0,1643093038010.0,2022-01-25
150.71633,-34.048205,0.0,0.0,0.0,0.0,0.0,0.0,0.0,0.0,1.0,1.0,0.0,0.0,0.0,0.0,1.0,1.0,1643093037049.0,1643093037049.0,1643093037049.0,1643093037049.0,1643093037049.0,1643093037049.0,2022-01-25
150.71651,-34.0480725,0.0,0.0,0.0,0.0,0.0,0.0,0.0,0.0,1.0,1.0,0.0,0.0,0.0,0.0,1.0,1.0,1643093035370.0,1643093035370.0,1643093035370.0,1643093035370.0,1643093035370.0,1643093035370.0,2022-01-25
150.71666,-34.04797,0.0,0.0,0.0,0.0,0.0,0.0,0.0,0.0,1.0,1.0,0.0,0.0,0.0,0.0,1.0,1.0,1643093034090.0,1643093034090.0,1643093034090.0,1643093034090.0,1643093034090.0,1643093034090.0,2022-01-25
150.71686,-34.0478325,0.0,0.0,0.0,0.0,0.0,0.0,0.0,0.0,1.0,1.0,0.0,0.0,0.0,0.0,1.0,1.0,1643093033450.0,1643093033450.0,1643093033450.0,1643093033450.0,1643093033450.0,1643093033450.0,2022-01-25
150.71701,-34.04772,0.0,0.0,0.0,0.0,0.0,0.0,0.0,0.0,1.0,1.0,0.0,0.0,0.0,0.0,1.0,1.0,1643093031210.0,1643093031210.0,1643093031210.0,1643093031210.0,1643093031210.0,1643093031210.0,2022-01-25
150.71719,-34.0476,0.0,0.0,0.0,0.0,0.0,0.0,0.0,0.0,1.0,1.0,0.0,0.0,0.0,0.0,1.0,1.0,1643093030253.0,1643093030253.0,1643093030253.0,1643093030253.0,1643093030253.0,1643093030253.0,2022-01-25
150.71737,-34.047485,0.0,0.0,0.0,0.0,0.0,0.0,0.0,0.0,1.0,1.0,0.0,0.0,0.0,0.0,1.0,1.0,1643093028169.0,1643093028169.0,1643093028169.0,1643093028169.0,1643093028169.0,1643093028169.0,2022-01-25
150.71758,-34.0473475,0.0,0.0,0.0,0.0,0.0,0.0,0.0,0.0,1.0,1.0,0.0,0.0,0.0,0.0,1.0,1.0,1643093027370.0,1643093027370.0,1643093027370.0,1643093027370.0,1643093027370.0,1643093027370.0,2022-01-25
150.71773,-34.0472425,2.0,2.0,2.0,2.0,2.0,2.0,2.0,2.0,0.0,0.0,1.0,1.0,0.0,0.0,1.0,1.0,1643093026408.0,1643093026408.0,1643093026408.0,1643093026408.0,1643093026408.0,1643093026408.0,2022-01-25
150.71793,-34.04709,2.0,2.0,2.0,2.0,2.0,2.0,2.0,2.0,0.0,0.0,1.0,1.0,0.0,0.0,1.0,1.0,1643093024416.0,1643093024416.0,1643093024416.0,1643093024416.0,1643093024416.0,1643093024416.0,2022-01-25
150.71809,-34.0469625,0.0,0.0,0.0,0.0,0.0,0.0,0.0,0.0,1.0,1.0,0.0,0.0,0.0,0.0,1.0,1.0,1643093023383.0,1643093023383.0,1643093023383.0,1643093023383.0,1643093023383.0,1643093023383.0,2022-01-25
150.71826,-34.04684,0.0,0.0,0.0,0.0,0.0,0.0,0.0,0.0,1.0,1.0,0.0,0.0,0.0,0.0,1.0,1.0,1643093021049.0,1643093021049.0,1643093021049.0,1643093021049.0,1643093021049.0,1643093021049.0,2022-01-25
150.71843,-34.0467125,0.0,0.0,0.0,0.0,0.0,0.0,0.0,0.0,1.0,1.0,0.0,0.0,0.0,0.0,1.0,1.0,1643093020089.0,1643093020089.0,1643093020089.0,1643093020089.0,1643093020089.0,1643093020089.0,2022-01-25
150.71862,-34.04656,0.0,0.0,0.0,0.0,0.0,0.0,0.0,0.0,1.0,1.0,0.0,0.0,0.0,0.0,1.0,1.0,1643093018174.0,1643093018174.0,1643093018174.0,1643093018174.0,1643093018174.0,1643093018174.0,2022-01-25
150.7188,-34.0464225,0.0,0.0,0.0,0.0,0.0,0.0,0.0,0.0,1.0,1.0,0.0,0.0,0.0,0.0,1.0,1.0,1643093017210.0,1643093017210.0,1643093017210.0,1643093017210.0,1643093017210.0,1643093017210.0,2022-01-25
150.71894,-34.046305,0.0,0.0,0.0,0.0,0.0,0.0,0.0,0.0,1.0,1.0,0.0,0.0,0.0,0.0,1.0,1.0,1643093015930.0,1643093015930.0,1643093015930.0,1643093015930.0,1643093015930.0,1643093015930.0,2022-01-25
150.71917,-34.046135,0.0,0.0,0.0,0.0,0.0,0.0,0.0,0.0,1.0,1.0,0.0,0.0,0.0,0.0,1.0,1.0,1643093014330.0,1643093014330.0,1643093014330.0,1643093014330.0,1643093014330.0,1643093014330.0,2022-01-25
150.71934,-34.045995,0.0,0.0,0.0,0.0,0.0,0.0,0.0,0.0,1.0,1.0,0.0,0.0,0.0,0.0,1.0,1.0,1643093013050.0,1643093013050.0,1643093013050.0,1643093013050.0,1643093013050.0,1643093013050.0,2022-01-25
150.71955,-34.04583,0.0,0.0,0.0,0.0,0.0,0.0,0.0,0.0,1.0,1.0,0.0,0.0,0.0,0.0,1.0,1.0,1643093011313.0,1643093011313.0,1643093011313.0,1643093011313.0,1643093011313.0,1643093011313.0,2022-01-25
150.71977,-34.04568,0.0,0.0,0.0,0.0,0.0,0.0,0.0,0.0,1.0,1.0,0.0,0.0,0.0,0.0,1.0,1.0,1643093010185.0,1643093010185.0,1643093010185.0,1643093010185.0,1643093010185.0,1643093010185.0,2022-01-25
150.71995,-34.045565,0.0,0.0,0.0,0.0,0.0,0.0,0.0,0.0,1.0,1.0,0.0,0.0,0.0,0.0,1.0,1.0,1643093009219.0,1643093009219.0,1643093009219.0,1643093009219.0,1643093009219.0,1643093009219.0,2022-01-25
150.72012,-34.0454725,0.0,0.0,0.0,0.0,0.0,0.0,0.0,0.0,1.0,1.0,0.0,0.0,0.0,0.0,1.0,1.0,1643093007016.0,1643093007016.0,1643093007016.0,1643093007016.0,1643093007016.0,1643093007016.0,2022-01-25
150.72033,-34.0453775,0.0,0.0,0.0,0.0,0.0,0.0,0.0,0.0,1.0,1.0,0.0,0.0,0.0,0.0,1.0,1.0,1643093006014.0,1643093006014.0,1643093006014.0,1643093006014.0,1643093006014.0,1643093006014.0,2022-01-25
150.72059,-34.045275,0.0,0.0,0.0,0.0,0.0,0.0,0.0,0.0,1.0,1.0,0.0,0.0,0.0,0.0,1.0,1.0,1643093004113.0,1643093004113.0,1643093004113.0,1643093004113.0,1643093004113.0,1643093004113.0,2022-01-25
150.72085,-34.0451925,0.0,0.0,0.0,0.0,0.0,0.0,0.0,0.0,1.0,1.0,0.0,0.0,0.0,0.0,1.0,1.0,1643093003213.0,1643093003213.0,1643093003213.0,1643093003213.0,1643093003213.0,1643093003213.0,2022-01-25
150.72111,-34.0451125,0.0,0.0,0.0,0.0,0.0,0.0,0.0,0.0,1.0,1.0,0.0,0.0,0.0,0.0,1.0,1.0,1643093002330.0,1643093002330.0,1643093002330.0,1643093002330.0,1643093002330.0,1643093002330.0,2022-01-25
150.72139,-34.04502,0.0,0.0,0.0,0.0,0.0,0.0,0.0,0.0,1.0,1.0,0.0,0.0,0.0,0.0,1.0,1.0,1643093000446.0,1643093000446.0,1643093000446.0,1643093000446.0,1643093000446.0,1643093000446.0,2022-01-25
150.7216,-34.04495,0.0,0.0,0.0,0.0,0.0,0.0,0.0,0.0,1.0,1.0,0.0,0.0,0.0,0.0,1.0,1.0,1643092999418.0,1643092999418.0,1643092999418.0,1643092999418.0,1643092999418.0,1643092999418.0,2022-01-25
150.72183,-34.04487,0.0,0.0,0.0,0.0,0.0,0.0,0.0,0.0,1.0,1.0,0.0,0.0,0.0,0.0,1.0,1.0,1643092997313.0,1643092997313.0,1643092997313.0,1643092997313.0,1643092997313.0,1643092997313.0,2022-01-25
150.7221,-34.0447925,0.0,0.0,0.0,0.0,0.0,0.0,0.0,0.0,1.0,1.0,0.0,0.0,0.0,0.0,1.0,1.0,1643092996261.0,1643092996261.0,1643092996261.0,1643092996261.0,1643092996261.0,1643092996261.0,2022-01-25
150.72237,-34.0447025,0.0,0.0,0.0,0.0,0.0,0.0,0.0,0.0,1.0,1.0,0.0,0.0,0.0,0.0,1.0,1.0,1643092995380.0,1643092995380.0,1643092995380.0,1643092995380.0,1643092995380.0,1643092995380.0,2022-01-25
150.72258,-34.04463,2.0,2.0,2.0,2.0,2.0,2.0,2.0,2.0,0.0,0.0,1.0,1.0,0.0,0.0,1.0,1.0,1643092993333.0,1643092993333.0,1643092993333.0,1643092993333.0,1643092993333.0,1643092993333.0,2022-01-25
150.72283,-34.044555,5.0,5.0,5.0,5.0,5.0,5.0,5.0,5.0,0.0,0.0,1.0,1.0,0.0,0.0,1.0,1.0,1643092992090.0,1643092992090.0,1643092992090.0,1643092992090.0,1643092992090.0,1643092992090.0,2022-01-25
150.72316,-34.044445,0.0,0.0,0.0,0.0,0.0,0.0,0.0,0.0,1.0,1.0,0.0,0.0,0.0,0.0,1.0,1.0,1643092990334.0,1643092990334.0,1643092990334.0,1643092990334.0,1643092990334.0,1643092990334.0,2022-01-25
150.72332,-34.0443975,0.0,0.0,0.0,0.0,0.0,0.0,0.0,0.0,1.0,1.0,0.0,0.0,0.0,0.0,1.0,1.0,1643092989369.0,1643092989369.0,1643092989369.0,1643092989369.0,1643092989369.0,1643092989369.0,2022-01-25
150.72354,-34.0443275,0.0,0.0,0.0,0.0,0.0,0.0,0.0,0.0,1.0,1.0,0.0,0.0,0.0,0.0,1.0,1.0,1643092988094.0,1643092988094.0,1643092988094.0,1643092988094.0,1643092988094.0,1643092988094.0,2022-01-25
150.72383,-34.0442375,0.0,0.0,0.0,0.0,0.0,0.0,0.0,0.0,1.0,1.0,0.0,0.0,0.0,0.0,1.0,1.0,1643092986171.0,1643092986171.0,1643092986171.0,1643092986171.0,1643092986171.0,1643092986171.0,2022-01-25
150.72402,-34.044175,0.0,0.0,0.0,0.0,0.0,0.0,0.0,0.0,1.0,1.0,0.0,0.0,0.0,0.0,1.0,1.0,1643092985209.0,1643092985209.0,1643092985209.0,1643092985209.0,1643092985209.0,1643092985209.0,2022-01-25
150.72428,-34.044085,0.0,0.0,0.0,0.0,0.0,0.0,0.0,0.0,1.0,1.0,0.0,0.0,0.0,0.0,1.0,1.0,1643092983286.0,1643092983286.0,1643092983286.0,1643092983286.0,1643092983286.0,1643092983286.0,2022-01-25
150.72452,-34.044015,0.0,0.0,0.0,0.0,0.0,0.0,0.0,0.0,1.0,1.0,0.0,0.0,0.0,0.0,1.0,1.0,1643092982009.0,1643092982009.0,1643092982009.0,1643092982009.0,1643092982009.0,1643092982009.0,2022-01-25
150.72472,-34.0439525,0.0,0.0,0.0,0.0,0.0,0.0,0.0,0.0,1.0,1.0,0.0,0.0,0.0,0.0,1.0,1.0,1643092981370.0,1643092981370.0,1643092981370.0,1643092981370.0,1643092981370.0,1643092981370.0,2022-01-25
150.72499,-34.0438725,0.0,0.0,0.0,0.0,0.0,0.0,0.0,0.0,1.0,1.0,0.0,0.0,0.0,0.0,1.0,1.0,1643092979130.0,1643092979130.0,1643092979130.0,1643092979130.0,1643092979130.0,1643092979130.0,2022-01-25
150.72519,-34.04381,0.0,0.0,0.0,0.0,0.0,0.0,0.0,0.0,1.0,1.0,0.0,0.0,0.0,0.0,1.0,1.0,1643092978170.0,1643092978170.0,1643092978170.0,1643092978170.0,1643092978170.0,1643092978170.0,2022-01-25
150.72541,-34.043735,0.0,0.0,0.0,0.0,0.0,0.0,0.0,0.0,1.0,1.0,0.0,0.0,0.0,0.0,1.0,1.0,1643092976250.0,1643092976250.0,1643092976250.0,1643092976250.0,1643092976250.0,1643092976250.0,2022-01-25
150.72565,-34.0436625,0.0,0.0,0.0,0.0,0.0,0.0,0.0,0.0,1.0,1.0,0.0,0.0,0.0,0.0,1.0,1.0,1643092975290.0,1643092975290.0,1643092975290.0,1643092975290.0,1643092975290.0,1643092975290.0,2022-01-25
150.72582,-34.0436025,0.0,0.0,0.0,0.0,0.0,0.0,0.0,0.0,1.0,1.0,0.0,0.0,0.0,0.0,1.0,1.0,1643092974334.0,1643092974334.0,1643092974334.0,1643092974334.0,1643092974334.0,1643092974334.0,2022-01-25
150.72604,-34.0435175,0.0,0.0,0.0,0.0,0.0,0.0,0.0,0.0,1.0,1.0,0.0,0.0,0.0,0.0,1.0,1.0,1643092972273.0,1643092972273.0,1643092972273.0,1643092972273.0,1643092972273.0,1643092972273.0,2022-01-25
150.7262,-34.0434525,0.0,0.0,0.0,0.0,0.0,0.0,0.0,0.0,1.0,1.0,0.0,0.0,0.0,0.0,1.0,1.0,1643092971130.0,1643092971130.0,1643092971130.0,1643092971130.0,1643092971130.0,1643092971130.0,2022-01-25
150.72633,-34.0433975,0.0,0.0,0.0,0.0,0.0,0.0,0.0,0.0,1.0,1.0,0.0,0.0,0.0,0.0,1.0,1.0,1643092969369.0,1643092969369.0,1643092969369.0,1643092969369.0,1643092969369.0,1643092969369.0,2022-01-25
150.72648,-34.0433525,0.0,0.0,0.0,0.0,0.0,0.0,0.0,0.0,1.0,1.0,0.0,0.0,0.0,0.0,1.0,1.0,1643092968246.0,1643092968246.0,1643092968246.0,1643092968246.0,1643092968246.0,1643092968246.0,2022-01-25
150.72663,-34.0433225,0.0,0.0,0.0,0.0,0.0,0.0,0.0,0.0,1.0,1.0,0.0,0.0,0.0,0.0,1.0,1.0,1643092967341.0,1643092967341.0,1643092967341.0,1643092967341.0,1643092967341.0,1643092967341.0,2022-01-25
150.72675,-34.043305,0.0,0.0,0.0,0.0,0.0,0.0,0.0,0.0,1.0,1.0,0.0,0.0,0.0,0.0,1.0,1.0,1643092965210.0,1643092965210.0,1643092965210.0,1643092965210.0,1643092965210.0,1643092965210.0,2022-01-25
150.72683,-34.043285,0.0,0.0,0.0,0.0,0.0,0.0,0.0,0.0,1.0,1.0,0.0,0.0,0.0,0.0,1.0,1.0,1643092964250.0,1643092964250.0,1643092964250.0,1643092964250.0,1643092964250.0,1643092964250.0,2022-01-25
150.72693,-34.0432375,0.0,0.0,0.0,0.0,0.0,0.0,0.0,0.0,1.0,1.0,0.0,0.0,0.0,0.0,1.0,1.0,1643092962329.0,1643092962329.0,1643092962329.0,1643092962329.0,1643092962329.0,1643092962329.0,2022-01-25
150.72702,-34.0431975,0.0,0.0,0.0,0.0,0.0,0.0,0.0,0.0,1.0,1.0,0.0,0.0,0.0,0.0,1.0,1.0,1643092961313.0,1643092961313.0,1643092961313.0,1643092961313.0,1643092961313.0,1643092961313.0,2022-01-25
150.72708,-34.0431725,2.0,2.0,2.0,2.0,2.0,2.0,2.0,2.0,0.0,0.0,1.0,1.0,0.0,0.0,1.0,1.0,1643092960330.0,1643092960330.0,1643092960330.0,1643092960330.0,1643092960330.0,1643092960330.0,2022-01-25
150.72714,-34.04315,2.0,2.0,2.0,2.0,2.0,2.0,2.0,2.0,0.0,0.0,1.0,1.0,0.0,0.0,1.0,1.0,1643092958430.0,1643092958430.0,1643092958430.0,1643092958430.0,1643092958430.0,1643092958430.0,2022-01-25
150.72725,-34.04314,0.0,0.0,0.0,0.0,0.0,0.0,0.0,0.0,1.0,1.0,0.0,0.0,0.0,0.0,1.0,1.0,1643092957416.0,1643092957416.0,1643092957416.0,1643092957416.0,1643092957416.0,1643092957416.0,2022-01-25
150.72733,-34.04313,0.0,0.0,0.0,0.0,0.0,0.0,0.0,0.0,1.0,1.0,0.0,0.0,0.0,0.0,1.0,1.0,1643092955134.0,1643092955134.0,1643092955134.0,1643092955134.0,1643092955134.0,1643092955134.0,2022-01-25
150.72741,-34.043125,0.0,0.0,0.0,0.0,0.0,0.0,0.0,0.0,1.0,1.0,0.0,0.0,0.0,0.0,1.0,1.0,1643092954170.0,1643092954170.0,1643092954170.0,1643092954170.0,1643092954170.0,1643092954170.0,2022-01-25
150.72754,-34.04309,0.0,0.0,0.0,0.0,0.0,0.0,0.0,0.0,1.0,1.0,0.0,0.0,0.0,0.0,1.0,1.0,1643092953370.0,1643092953370.0,1643092953370.0,1643092953370.0,1643092953370.0,1643092953370.0,2022-01-25
150.72762,-34.043075,0.0,0.0,0.0,0.0,0.0,0.0,0.0,0.0,1.0,1.0,0.0,0.0,0.0,0.0,1.0,1.0,1643092951284.0,1643092951284.0,1643092951284.0,1643092951284.0,1643092951284.0,1643092951284.0,2022-01-25
150.72769,-34.0430475,0.0,0.0,0.0,0.0,0.0,0.0,0.0,0.0,1.0,1.0,0.0,0.0,0.0,0.0,1.0,1.0,1643092950325.0,1643092950325.0,1643092950325.0,1643092950325.0,1643092950325.0,1643092950325.0,2022-01-25
150.72781,-34.043015,0.0,0.0,0.0,0.0,0.0,0.0,0.0,0.0,1.0,1.0,0.0,0.0,0.0,0.0,1.0,1.0,1643092948408.0,1643092948408.0,1643092948408.0,1643092948408.0,1643092948408.0,1643092948408.0,2022-01-25
150.72788,-34.0429925,0.0,0.0,0.0,0.0,0.0,0.0,0.0,0.0,1.0,1.0,0.0,0.0,0.0,0.0,1.0,1.0,1643092947324.0,1643092947324.0,1643092947324.0,1643092947324.0,1643092947324.0,1643092947324.0,2022-01-25
150.72798,-34.0429625,0.0,0.0,0.0,0.0,0.0,0.0,0.0,0.0,1.0,1.0,0.0,0.0,0.0,0.0,1.0,1.0,1643092946179.0,1643092946179.0,1643092946179.0,1643092946179.0,1643092946179.0,1643092946179.0,2022-01-25
150.72804,-34.04295,557.0,557.0,557.0,557.0,7963.0,7963.0,7963.0,7963.0,0.0,0.0,1.0,1.0,0.0,0.0,1.0,1.0,1643092944250.0,1643092944250.0,1643092944250.0,1643092944250.0,1643092944250.0,1643092944250.0,2022-01-25
150.72813,-34.0429375,314.0,314.0,314.0,314.0,18580.0,18580.0,18580.0,18580.0,0.0,0.0,1.0,1.0,0.0,0.0,1.0,1.0,1643092943410.0,1643092943410.0,1643092943410.0,1643092943410.0,1643092943410.0,1643092943410.0,2022-01-25
150.72822,-34.04292,176.0,176.0,176.0,176.0,10617.0,10617.0,10617.0,10617.0,0.0,0.0,1.0,1.0,0.0,0.0,1.0,1.0,1643092941420.0,1643092941420.0,1643092941420.0,1643092941420.0,1643092941420.0,1643092941420.0,2022-01-25
150.72831,-34.042915,242.0,242.0,242.0,242.0,12996.0,12996.0,12996.0,12996.0,0.0,0.0,1.0,1.0,0.0,0.0,1.0,1.0,1643092940440.0,1643092940440.0,1643092940440.0,1643092940440.0,1643092940440.0,1643092940440.0,2022-01-25
150.7284,-34.04291,164.0,164.0,164.0,164.0,7962.0,7962.0,7962.0,7962.0,0.0,0.0,1.0,1.0,0.0,0.0,1.0,1.0,1643092939396.0,1643092939396.0,1643092939396.0,1643092939396.0,1643092939396.0,1643092939396.0,2022-01-25
150.72851,-34.0429125,111.0,111.0,111.0,111.0,7068.0,7068.0,7068.0,7068.0,0.0,0.0,1.0,1.0,0.0,0.0,1.0,1.0,1643092937420.0,1643092937420.0,1643092937420.0,1643092937420.0,1643092937420.0,1643092937420.0,2022-01-25
150.72862,-34.0429075,134.0,134.0,134.0,134.0,8864.0,8864.0,8864.0,8864.0,0.0,0.0,1.0,1.0,0.0,0.0,1.0,1.0,1643092936464.0,1643092936464.0,1643092936464.0,1643092936464.0,1643092936464.0,1643092936464.0,2022-01-25
150.72875,-34.0428775,190.0,190.0,190.0,190.0,14136.0,14136.0,14136.0,14136.0,0.0,0.0,1.0,1.0,0.0,0.0,1.0,1.0,1643092934410.0,1643092934410.0,1643092934410.0,1643092934410.0,1643092934410.0,1643092934410.0,2022-01-25
150.72891,-34.04284,235.0,235.0,235.0,235.0,15956.0,15956.0,15956.0,15956.0,0.0,0.0,1.0,1.0,0.0,0.0,1.0,1.0,1643092933424.0,1643092933424.0,1643092933424.0,1643092933424.0,1643092933424.0,1643092933424.0,2022-01-25
150.72907,-34.0428125,173.0,173.0,173.0,173.0,13566.0,13566.0,13566.0,13566.0,0.0,0.0,1.0,1.0,0.0,0.0,1.0,1.0,1643092932440.0,1643092932440.0,1643092932440.0,1643092932440.0,1643092932440.0,1643092932440.0,2022-01-25
150.72923,-34.0427725,152.0,152.0,152.0,152.0,9919.0,9919.0,9919.0,9919.0,0.0,0.0,1.0,1.0,0.0,0.0,1.0,1.0,1643092930410.0,1643092930410.0,1643092930410.0,1643092930410.0,1643092930410.0,1643092930410.0,2022-01-25
150.72941,-34.04273,227.0,227.0,227.0,227.0,9348.0,9348.0,9348.0,9348.0,0.0,0.0,1.0,1.0,0.0,0.0,1.0,1.0,1643092929411.0,1643092929411.0,1643092929411.0,1643092929411.0,1643092929411.0,1643092929411.0,2022-01-25
150.72962,-34.0426675,7.0,7.0,7.0,7.0,13.0,13.0,13.0,13.0,0.0,0.0,1.0,1.0,0.0,0.0,1.0,1.0,1643092927416.0,1643092927416.0,1643092927416.0,1643092927416.0,1643092927416.0,1643092927416.0,2022-01-25
150.72978,-34.04261,2518.0,2518.0,2518.0,2518.0,72.0,72.0,72.0,72.0,0.0,0.0,1.0,1.0,0.0,0.0,1.0,1.0,1643092926408.0,1643092926408.0,1643092926408.0,1643092926408.0,1643092926408.0,1643092926408.0,2022-01-25
150.72997,-34.04255,53.0,53.0,53.0,53.0,60.0,60.0,60.0,60.0,0.0,0.0,1.0,1.0,0.0,0.0,1.0,1.0,1643092925448.0,1643092925448.0,1643092925448.0,1643092925448.0,1643092925448.0,1643092925448.0,2022-01-25
150.73011,-34.042515,24.0,24.0,24.0,24.0,39.0,39.0,39.0,39.0,0.0,0.0,1.0,1.0,0.0,0.0,1.0,1.0,1643092923408.0,1643092923408.0,1643092923408.0,1643092923408.0,1643092923408.0,1643092923408.0,2022-01-25
150.73032,-34.0424525,0.0,0.0,0.0,0.0,0.0,0.0,0.0,0.0,1.0,1.0,0.0,0.0,0.0,0.0,1.0,1.0,1643092922170.0,1643092922170.0,1643092922170.0,1643092922170.0,1643092922170.0,1643092922170.0,2022-01-25
150.73047,-34.0424025,0.0,0.0,0.0,0.0,0.0,0.0,0.0,0.0,1.0,1.0,0.0,0.0,0.0,0.0,1.0,1.0,1643092920315.0,1643092920315.0,1643092920315.0,1643092920315.0,1643092920315.0,1643092920315.0,2022-01-25
150.73065,-34.0423575,0.0,0.0,0.0,0.0,0.0,0.0,0.0,0.0,1.0,1.0,0.0,0.0,0.0,0.0,1.0,1.0,1643092919379.0,1643092919379.0,1643092919379.0,1643092919379.0,1643092919379.0,1643092919379.0,2022-01-25
150.73078,-34.0423225,0.0,0.0,0.0,0.0,0.0,0.0,0.0,0.0,1.0,1.0,0.0,0.0,0.0,0.0,1.0,1.0,1643092918015.0,1643092918015.0,1643092918015.0,1643092918015.0,1643092918015.0,1643092918015.0,2022-01-25
150.73095,-34.04226,0.0,0.0,0.0,0.0,0.0,0.0,0.0,0.0,1.0,1.0,0.0,0.0,0.0,0.0,1.0,1.0,1643092916090.0,1643092916090.0,1643092916090.0,1643092916090.0,1643092916090.0,1643092916090.0,2022-01-25
150.73113,-34.0422025,0.0,0.0,0.0,0.0,0.0,0.0,0.0,0.0,1.0,1.0,0.0,0.0,0.0,0.0,1.0,1.0,1643092915130.0,1643092915130.0,1643092915130.0,1643092915130.0,1643092915130.0,1643092915130.0,2022-01-25
150.73128,-34.0421625,0.0,0.0,0.0,0.0,0.0,0.0,0.0,0.0,1.0,1.0,0.0,0.0,0.0,0.0,1.0,1.0,1643092913210.0,1643092913210.0,1643092913210.0,1643092913210.0,1643092913210.0,1643092913210.0,2022-01-25
150.73144,-34.042115,0.0,0.0,0.0,0.0,0.0,0.0,0.0,0.0,1.0,1.0,0.0,0.0,0.0,0.0,1.0,1.0,1643092911930.0,1643092911930.0,1643092911930.0,1643092911930.0,1643092911930.0,1643092911930.0,2022-01-25
150.73147,-34.0421075,0.0,0.0,0.0,0.0,0.0,0.0,0.0,0.0,1.0,1.0,0.0,0.0,0.0,0.0,1.0,1.0,1643092911930.0,1643092911930.0,1643092911930.0,1643092911930.0,1643092911930.0,1643092911930.0,2022-01-25
